model,condition,pii_type,recall,support
llama3_8b,zero_shot,LOCATION,0.5326424870466321,1930
llama3_8b,zero_shot,ZIPCODE,0.5,316
llama3_8b,zero_shot,IP_ADDRESS,0.920388349514563,515
llama3_8b,zero_shot,DATE_TIME,0.6999524488825487,2103
llama3_8b,zero_shot,PERSON,0.6536144578313253,2324
llama3_8b,zero_shot,US_DRIVERS_LICENSE_NUMBER,0.4830287206266319,383
llama3_8b,zero_shot,US_PASSPORT_NUMBER,0.6437994722955145,379
llama3_8b,zero_shot,EMAIL_ADDRESS,0.9382911392405063,632
llama3_8b,zero_shot,US_SOCIAL_SECURITY_NUMBER,0.759493670886076,632
llama3_8b,zero_shot,GENDER,0.11506849315068493,365
llama3_8b,zero_shot,PHONE_NUMBER,0.8515901060070671,566
llama3_8b,zero_shot,LICENSE_PLATE_NUMBER,0.5542857142857143,175
llama3_8b,zero_shot,URL,0.33695652173913043,92
llama3_8b,zero_shot,ABA_ROUTING_NUMBER,0.6129032258064516,62
llama3_8b,zero_shot,PASSWORD,0.7480314960629921,127
llama3_8b,zero_shot,UNMAPPED:AGE,0.8888888888888888,18
llama3_8b,zero_shot,HEALTH_INSURANCE_ID,0.7346938775510204,343
llama3_8b,zero_shot,SWIFT_CODE,0.47058823529411764,17
llama3_8b,zero_shot,OCCUPATION,0.058823529411764705,102
llama3_8b,zero_shot,NRP,0.10714285714285714,28
llama3_8b,zero_shot,RACE,0.16666666666666666,18
llama3_8b,zero_shot,CREDIT_CARD_NUMBER,0.7737226277372263,137
llama3_8b,zero_shot,MEDICAL_LICENSE,0.2,30
llama3_8b,zero_shot,SEXUAL_PREFERENCE,0.14285714285714285,7
llama3_8b,zero_shot,US_INDIVIDUAL_TAXPAYER_IDENTIFICATION,0.5454545454545454,11
llama3_8b,zero_shot,US_BANK_ACCOUNT_NUMBER,0.8636363636363636,44
llama3_8b,zero_shot,MAC_ADDRESS,0.9285714285714286,14
llama3_8b,with_docs,LOCATION,0.45595854922279794,1930
llama3_8b,with_docs,ZIPCODE,0.05063291139240506,316
llama3_8b,with_docs,IP_ADDRESS,0.5572815533980583,515
llama3_8b,with_docs,DATE_TIME,0.5782215882073228,2103
llama3_8b,with_docs,PERSON,0.4655765920826162,2324
llama3_8b,with_docs,US_DRIVERS_LICENSE_NUMBER,0.1279373368146214,383
llama3_8b,with_docs,US_PASSPORT_NUMBER,0.41160949868073876,379
llama3_8b,with_docs,EMAIL_ADDRESS,0.7674050632911392,632
llama3_8b,with_docs,US_SOCIAL_SECURITY_NUMBER,0.620253164556962,632
llama3_8b,with_docs,GENDER,0.010958904109589041,365
llama3_8b,with_docs,PHONE_NUMBER,0.7226148409893993,566
llama3_8b,with_docs,LICENSE_PLATE_NUMBER,0.22857142857142856,175
llama3_8b,with_docs,URL,0.33695652173913043,92
llama3_8b,with_docs,ABA_ROUTING_NUMBER,0.14516129032258066,62
llama3_8b,with_docs,PASSWORD,0.36220472440944884,127
llama3_8b,with_docs,UNMAPPED:AGE,0.16666666666666666,18
llama3_8b,with_docs,HEALTH_INSURANCE_ID,0.16909620991253643,343
llama3_8b,with_docs,SWIFT_CODE,0.29411764705882354,17
llama3_8b,with_docs,OCCUPATION,0.00980392156862745,102
llama3_8b,with_docs,NRP,0.0,28
llama3_8b,with_docs,RACE,0.16666666666666666,18
llama3_8b,with_docs,CREDIT_CARD_NUMBER,0.7007299270072993,137
llama3_8b,with_docs,MEDICAL_LICENSE,0.03333333333333333,30
llama3_8b,with_docs,SEXUAL_PREFERENCE,0.14285714285714285,7
llama3_8b,with_docs,US_INDIVIDUAL_TAXPAYER_IDENTIFICATION,0.0,11
llama3_8b,with_docs,US_BANK_ACCOUNT_NUMBER,0.2727272727272727,44
llama3_8b,with_docs,MAC_ADDRESS,0.42857142857142855,14
mistral_7b,zero_shot,LOCATION,0.30362694300518134,1930
mistral_7b,zero_shot,ZIPCODE,0.41455696202531644,316
mistral_7b,zero_shot,IP_ADDRESS,0.8174757281553398,515
mistral_7b,zero_shot,DATE_TIME,0.39990489776509747,2103
mistral_7b,zero_shot,PERSON,0.4604130808950086,2324
mistral_7b,zero_shot,US_DRIVERS_LICENSE_NUMBER,0.4595300261096606,383
mistral_7b,zero_shot,US_PASSPORT_NUMBER,0.5672823218997362,379
mistral_7b,zero_shot,EMAIL_ADDRESS,0.9287974683544303,632
mistral_7b,zero_shot,US_SOCIAL_SECURITY_NUMBER,0.7943037974683544,632
mistral_7b,zero_shot,GENDER,0.06301369863013699,365
mistral_7b,zero_shot,PHONE_NUMBER,0.8533568904593639,566
mistral_7b,zero_shot,LICENSE_PLATE_NUMBER,0.5371428571428571,175
mistral_7b,zero_shot,URL,0.05434782608695652,92
mistral_7b,zero_shot,ABA_ROUTING_NUMBER,0.5161290322580645,62
mistral_7b,zero_shot,PASSWORD,0.5905511811023622,127
mistral_7b,zero_shot,UNMAPPED:AGE,0.2777777777777778,18
mistral_7b,zero_shot,HEALTH_INSURANCE_ID,0.6268221574344023,343
mistral_7b,zero_shot,SWIFT_CODE,0.23529411764705882,17
mistral_7b,zero_shot,OCCUPATION,0.0196078431372549,102
mistral_7b,zero_shot,NRP,0.07142857142857142,28
mistral_7b,zero_shot,RACE,0.05555555555555555,18
mistral_7b,zero_shot,CREDIT_CARD_NUMBER,0.7445255474452555,137
mistral_7b,zero_shot,MEDICAL_LICENSE,0.36666666666666664,30
mistral_7b,zero_shot,SEXUAL_PREFERENCE,0.0,7
mistral_7b,zero_shot,US_INDIVIDUAL_TAXPAYER_IDENTIFICATION,0.5454545454545454,11
mistral_7b,zero_shot,US_BANK_ACCOUNT_NUMBER,0.6818181818181818,44
mistral_7b,zero_shot,MAC_ADDRESS,0.7142857142857143,14
mistral_7b,with_docs,LOCATION,0.5041450777202072,1930
mistral_7b,with_docs,ZIPCODE,0.08860759493670886,316
mistral_7b,with_docs,IP_ADDRESS,0.8155339805825242,515
mistral_7b,with_docs,DATE_TIME,0.43081312410841655,2103
mistral_7b,with_docs,PERSON,0.5283993115318416,2324
mistral_7b,with_docs,US_DRIVERS_LICENSE_NUMBER,0.3394255874673629,383
mistral_7b,with_docs,US_PASSPORT_NUMBER,0.5910290237467019,379
mistral_7b,with_docs,EMAIL_ADDRESS,0.8987341772151899,632
mistral_7b,with_docs,US_SOCIAL_SECURITY_NUMBER,0.7025316455696202,632
mistral_7b,with_docs,GENDER,0.0027397260273972603,365
mistral_7b,with_docs,PHONE_NUMBER,0.8657243816254417,566
mistral_7b,with_docs,LICENSE_PLATE_NUMBER,0.2,175
mistral_7b,with_docs,URL,0.17391304347826086,92
mistral_7b,with_docs,ABA_ROUTING_NUMBER,0.24193548387096775,62
mistral_7b,with_docs,PASSWORD,0.36220472440944884,127
mistral_7b,with_docs,UNMAPPED:AGE,0.2222222222222222,18
mistral_7b,with_docs,HEALTH_INSURANCE_ID,0.30029154518950435,343
mistral_7b,with_docs,SWIFT_CODE,0.058823529411764705,17
mistral_7b,with_docs,OCCUPATION,0.0,102
mistral_7b,with_docs,NRP,0.0,28
mistral_7b,with_docs,RACE,0.0,18
mistral_7b,with_docs,CREDIT_CARD_NUMBER,0.8321167883211679,137
mistral_7b,with_docs,MEDICAL_LICENSE,0.16666666666666666,30
mistral_7b,with_docs,SEXUAL_PREFERENCE,0.0,7
mistral_7b,with_docs,US_INDIVIDUAL_TAXPAYER_IDENTIFICATION,0.2727272727272727,11
mistral_7b,with_docs,US_BANK_ACCOUNT_NUMBER,0.5454545454545454,44
mistral_7b,with_docs,MAC_ADDRESS,0.35714285714285715,14
qwen2_7b,zero_shot,LOCATION,0.5585492227979275,1930
qwen2_7b,zero_shot,ZIPCODE,0.5379746835443038,316
qwen2_7b,zero_shot,IP_ADDRESS,0.8174757281553398,515
qwen2_7b,zero_shot,DATE_TIME,0.5763195435092725,2103
qwen2_7b,zero_shot,PERSON,0.5438898450946644,2324
qwen2_7b,zero_shot,US_DRIVERS_LICENSE_NUMBER,0.5326370757180157,383
qwen2_7b,zero_shot,US_PASSPORT_NUMBER,0.6490765171503958,379
qwen2_7b,zero_shot,EMAIL_ADDRESS,0.9620253164556962,632
qwen2_7b,zero_shot,US_SOCIAL_SECURITY_NUMBER,0.7579113924050633,632
qwen2_7b,zero_shot,GENDER,0.2958904109589041,365
qwen2_7b,zero_shot,PHONE_NUMBER,0.9240282685512368,566
qwen2_7b,zero_shot,LICENSE_PLATE_NUMBER,0.5142857142857142,175
qwen2_7b,zero_shot,URL,0.1956521739130435,92
qwen2_7b,zero_shot,ABA_ROUTING_NUMBER,0.532258064516129,62
qwen2_7b,zero_shot,PASSWORD,0.5669291338582677,127
qwen2_7b,zero_shot,UNMAPPED:AGE,0.6111111111111112,18
qwen2_7b,zero_shot,HEALTH_INSURANCE_ID,0.7434402332361516,343
qwen2_7b,zero_shot,SWIFT_CODE,0.4117647058823529,17
qwen2_7b,zero_shot,OCCUPATION,0.058823529411764705,102
qwen2_7b,zero_shot,NRP,0.0,28
qwen2_7b,zero_shot,RACE,0.3888888888888889,18
qwen2_7b,zero_shot,CREDIT_CARD_NUMBER,0.7591240875912408,137
qwen2_7b,zero_shot,MEDICAL_LICENSE,0.2,30
qwen2_7b,zero_shot,SEXUAL_PREFERENCE,0.2857142857142857,7
qwen2_7b,zero_shot,US_INDIVIDUAL_TAXPAYER_IDENTIFICATION,0.5454545454545454,11
qwen2_7b,zero_shot,US_BANK_ACCOUNT_NUMBER,0.8636363636363636,44
qwen2_7b,zero_shot,MAC_ADDRESS,0.8571428571428571,14
qwen2_7b,with_docs,LOCATION,0.6694300518134715,1930
qwen2_7b,with_docs,ZIPCODE,0.0981012658227848,316
qwen2_7b,with_docs,IP_ADDRESS,0.8912621359223301,515
qwen2_7b,with_docs,DATE_TIME,0.6761768901569187,2103
qwen2_7b,with_docs,PERSON,0.5129087779690189,2324
qwen2_7b,with_docs,US_DRIVERS_LICENSE_NUMBER,0.1566579634464752,383
qwen2_7b,with_docs,US_PASSPORT_NUMBER,0.7203166226912929,379
qwen2_7b,with_docs,EMAIL_ADDRESS,0.9683544303797469,632
qwen2_7b,with_docs,US_SOCIAL_SECURITY_NUMBER,0.8465189873417721,632
qwen2_7b,with_docs,GENDER,0.0273972602739726,365
qwen2_7b,with_docs,PHONE_NUMBER,0.9028268551236749,566
qwen2_7b,with_docs,LICENSE_PLATE_NUMBER,0.18285714285714286,175
qwen2_7b,with_docs,URL,0.5869565217391305,92
qwen2_7b,with_docs,ABA_ROUTING_NUMBER,0.0967741935483871,62
qwen2_7b,with_docs,PASSWORD,0.5039370078740157,127
qwen2_7b,with_docs,UNMAPPED:AGE,0.16666666666666666,18
qwen2_7b,with_docs,HEALTH_INSURANCE_ID,0.14868804664723032,343
qwen2_7b,with_docs,SWIFT_CODE,0.058823529411764705,17
qwen2_7b,with_docs,OCCUPATION,0.0,102
qwen2_7b,with_docs,NRP,0.0,28
qwen2_7b,with_docs,RACE,0.0,18
qwen2_7b,with_docs,CREDIT_CARD_NUMBER,0.8102189781021898,137
qwen2_7b,with_docs,MEDICAL_LICENSE,0.1,30
qwen2_7b,with_docs,SEXUAL_PREFERENCE,0.0,7
qwen2_7b,with_docs,US_INDIVIDUAL_TAXPAYER_IDENTIFICATION,0.0,11
qwen2_7b,with_docs,US_BANK_ACCOUNT_NUMBER,0.13636363636363635,44
qwen2_7b,with_docs,MAC_ADDRESS,0.6428571428571429,14
gemma2_9b,zero_shot,LOCATION,0.3694300518134715,1930
gemma2_9b,zero_shot,ZIPCODE,0.41455696202531644,316
gemma2_9b,zero_shot,IP_ADDRESS,0.7902912621359224,515
gemma2_9b,zero_shot,DATE_TIME,0.3932477413219211,2103
gemma2_9b,zero_shot,PERSON,0.6230636833046471,2324
gemma2_9b,zero_shot,US_DRIVERS_LICENSE_NUMBER,0.5613577023498695,383
gemma2_9b,zero_shot,US_PASSPORT_NUMBER,0.683377308707124,379
gemma2_9b,zero_shot,EMAIL_ADDRESS,0.9636075949367089,632
gemma2_9b,zero_shot,US_SOCIAL_SECURITY_NUMBER,0.6930379746835443,632
gemma2_9b,zero_shot,GENDER,0.052054794520547946,365
gemma2_9b,zero_shot,PHONE_NUMBER,0.9028268551236749,566
gemma2_9b,zero_shot,LICENSE_PLATE_NUMBER,0.45714285714285713,175
gemma2_9b,zero_shot,URL,0.14130434782608695,92
gemma2_9b,zero_shot,ABA_ROUTING_NUMBER,0.5,62
gemma2_9b,zero_shot,PASSWORD,0.6850393700787402,127
gemma2_9b,zero_shot,UNMAPPED:AGE,0.3333333333333333,18
gemma2_9b,zero_shot,HEALTH_INSURANCE_ID,0.717201166180758,343
gemma2_9b,zero_shot,SWIFT_CODE,0.4117647058823529,17
gemma2_9b,zero_shot,OCCUPATION,0.0,102
gemma2_9b,zero_shot,NRP,0.03571428571428571,28
gemma2_9b,zero_shot,RACE,0.16666666666666666,18
gemma2_9b,zero_shot,CREDIT_CARD_NUMBER,0.7591240875912408,137
gemma2_9b,zero_shot,MEDICAL_LICENSE,0.4,30
gemma2_9b,zero_shot,SEXUAL_PREFERENCE,0.2857142857142857,7
gemma2_9b,zero_shot,US_INDIVIDUAL_TAXPAYER_IDENTIFICATION,0.7272727272727273,11
gemma2_9b,zero_shot,US_BANK_ACCOUNT_NUMBER,0.8863636363636364,44
gemma2_9b,zero_shot,MAC_ADDRESS,0.7142857142857143,14
gemma2_9b,with_docs,LOCATION,0.5051813471502591,1930
gemma2_9b,with_docs,ZIPCODE,0.0189873417721519,316
gemma2_9b,with_docs,IP_ADDRESS,0.8388349514563107,515
gemma2_9b,with_docs,DATE_TIME,0.5349500713266762,2103
gemma2_9b,with_docs,PERSON,0.6204819277108434,2324
gemma2_9b,with_docs,US_DRIVERS_LICENSE_NUMBER,0.17493472584856398,383
gemma2_9b,with_docs,US_PASSPORT_NUMBER,0.662269129287599,379
gemma2_9b,with_docs,EMAIL_ADDRESS,0.9699367088607594,632
gemma2_9b,with_docs,US_SOCIAL_SECURITY_NUMBER,0.7215189873417721,632
gemma2_9b,with_docs,GENDER,0.0,365
gemma2_9b,with_docs,PHONE_NUMBER,0.941696113074205,566
gemma2_9b,with_docs,LICENSE_PLATE_NUMBER,0.25142857142857145,175
gemma2_9b,with_docs,URL,0.40217391304347827,92
gemma2_9b,with_docs,ABA_ROUTING_NUMBER,0.16129032258064516,62
gemma2_9b,with_docs,PASSWORD,0.6141732283464567,127
gemma2_9b,with_docs,UNMAPPED:AGE,0.05555555555555555,18
gemma2_9b,with_docs,HEALTH_INSURANCE_ID,0.09620991253644315,343
gemma2_9b,with_docs,SWIFT_CODE,0.058823529411764705,17
gemma2_9b,with_docs,OCCUPATION,0.0,102
gemma2_9b,with_docs,NRP,0.0,28
gemma2_9b,with_docs,RACE,0.0,18
gemma2_9b,with_docs,CREDIT_CARD_NUMBER,0.8029197080291971,137
gemma2_9b,with_docs,MEDICAL_LICENSE,0.1,30
gemma2_9b,with_docs,SEXUAL_PREFERENCE,0.0,7
gemma2_9b,with_docs,US_INDIVIDUAL_TAXPAYER_IDENTIFICATION,0.0,11
gemma2_9b,with_docs,US_BANK_ACCOUNT_NUMBER,0.36363636363636365,44
gemma2_9b,with_docs,MAC_ADDRESS,0.2857142857142857,14
llama3_8b,with_tools,LOCATION,0.4689119170984456,1930
llama3_8b,with_tools,ZIPCODE,0.10443037974683544,316
llama3_8b,with_tools,IP_ADDRESS,0.9611650485436893,515
llama3_8b,with_tools,DATE_TIME,0.7498811222063718,2103
llama3_8b,with_tools,PERSON,0.4776247848537005,2324
llama3_8b,with_tools,US_DRIVERS_LICENSE_NUMBER,0.8067885117493473,383
llama3_8b,with_tools,US_PASSPORT_NUMBER,0.7150395778364116,379
llama3_8b,with_tools,EMAIL_ADDRESS,0.9651898734177216,632
llama3_8b,with_tools,US_SOCIAL_SECURITY_NUMBER,0.629746835443038,632
llama3_8b,with_tools,GENDER,0.057534246575342465,365
llama3_8b,with_tools,PHONE_NUMBER,0.7243816254416962,566
llama3_8b,with_tools,LICENSE_PLATE_NUMBER,0.11428571428571428,175
llama3_8b,with_tools,URL,0.9130434782608695,92
llama3_8b,with_tools,ABA_ROUTING_NUMBER,0.0,62
llama3_8b,with_tools,PASSWORD,0.1968503937007874,127
llama3_8b,with_tools,UNMAPPED:AGE,0.2222222222222222,18
llama3_8b,with_tools,HEALTH_INSURANCE_ID,0.07871720116618076,343
llama3_8b,with_tools,SWIFT_CODE,0.17647058823529413,17
llama3_8b,with_tools,OCCUPATION,0.0,102
llama3_8b,with_tools,NRP,0.4642857142857143,28
llama3_8b,with_tools,RACE,0.05555555555555555,18
llama3_8b,with_tools,CREDIT_CARD_NUMBER,0.5109489051094891,137
llama3_8b,with_tools,MEDICAL_LICENSE,0.0,30
llama3_8b,with_tools,SEXUAL_PREFERENCE,0.14285714285714285,7
llama3_8b,with_tools,US_INDIVIDUAL_TAXPAYER_IDENTIFICATION,0.09090909090909091,11
llama3_8b,with_tools,US_BANK_ACCOUNT_NUMBER,0.5681818181818182,44
llama3_8b,with_tools,MAC_ADDRESS,1.0,14
mistral_7b,with_tools,LOCATION,0.3854922279792746,1930
mistral_7b,with_tools,ZIPCODE,0.028481012658227847,316
mistral_7b,with_tools,IP_ADDRESS,0.9553398058252427,515
mistral_7b,with_tools,DATE_TIME,0.6776034236804565,2103
mistral_7b,with_tools,PERSON,0.40017211703958694,2324
mistral_7b,with_tools,US_DRIVERS_LICENSE_NUMBER,0.6919060052219321,383
mistral_7b,with_tools,US_PASSPORT_NUMBER,0.5408970976253298,379
mistral_7b,with_tools,EMAIL_ADDRESS,0.9746835443037974,632
mistral_7b,with_tools,US_SOCIAL_SECURITY_NUMBER,0.5237341772151899,632
mistral_7b,with_tools,GENDER,0.0547945205479452,365
mistral_7b,with_tools,PHONE_NUMBER,0.6236749116607774,566
mistral_7b,with_tools,LICENSE_PLATE_NUMBER,0.0,175
mistral_7b,with_tools,URL,0.6195652173913043,92
mistral_7b,with_tools,ABA_ROUTING_NUMBER,0.0,62
mistral_7b,with_tools,PASSWORD,0.03937007874015748,127
mistral_7b,with_tools,UNMAPPED:AGE,0.0,18
mistral_7b,with_tools,HEALTH_INSURANCE_ID,0.008746355685131196,343
mistral_7b,with_tools,SWIFT_CODE,0.0,17
mistral_7b,with_tools,OCCUPATION,0.0,102
mistral_7b,with_tools,NRP,0.35714285714285715,28
mistral_7b,with_tools,RACE,0.0,18
mistral_7b,with_tools,CREDIT_CARD_NUMBER,0.35036496350364965,137
mistral_7b,with_tools,MEDICAL_LICENSE,0.0,30
mistral_7b,with_tools,SEXUAL_PREFERENCE,0.0,7
mistral_7b,with_tools,US_INDIVIDUAL_TAXPAYER_IDENTIFICATION,0.09090909090909091,11
mistral_7b,with_tools,US_BANK_ACCOUNT_NUMBER,0.3409090909090909,44
mistral_7b,with_tools,MAC_ADDRESS,0.9285714285714286,14
qwen2_7b,with_tools,LOCATION,0.3984455958549223,1930
qwen2_7b,with_tools,ZIPCODE,0.006329113924050633,316
qwen2_7b,with_tools,IP_ADDRESS,0.9359223300970874,515
qwen2_7b,with_tools,DATE_TIME,0.6757013789824061,2103
qwen2_7b,with_tools,PERSON,0.37865748709122204,2324
qwen2_7b,with_tools,US_DRIVERS_LICENSE_NUMBER,0.7806788511749347,383
qwen2_7b,with_tools,US_PASSPORT_NUMBER,0.6596306068601583,379
qwen2_7b,with_tools,EMAIL_ADDRESS,0.9572784810126582,632
qwen2_7b,with_tools,US_SOCIAL_SECURITY_NUMBER,0.5506329113924051,632
qwen2_7b,with_tools,GENDER,0.0136986301369863,365
qwen2_7b,with_tools,PHONE_NUMBER,0.6448763250883393,566
qwen2_7b,with_tools,LICENSE_PLATE_NUMBER,0.005714285714285714,175
qwen2_7b,with_tools,URL,0.8152173913043478,92
qwen2_7b,with_tools,ABA_ROUTING_NUMBER,0.0,62
qwen2_7b,with_tools,PASSWORD,0.015748031496062992,127
qwen2_7b,with_tools,UNMAPPED:AGE,0.05555555555555555,18
qwen2_7b,with_tools,HEALTH_INSURANCE_ID,0.023323615160349854,343
qwen2_7b,with_tools,SWIFT_CODE,0.0,17
qwen2_7b,with_tools,OCCUPATION,0.0,102
qwen2_7b,with_tools,NRP,0.35714285714285715,28
qwen2_7b,with_tools,RACE,0.0,18
qwen2_7b,with_tools,CREDIT_CARD_NUMBER,0.35766423357664234,137
qwen2_7b,with_tools,MEDICAL_LICENSE,0.0,30
qwen2_7b,with_tools,SEXUAL_PREFERENCE,0.0,7
qwen2_7b,with_tools,US_INDIVIDUAL_TAXPAYER_IDENTIFICATION,0.09090909090909091,11
qwen2_7b,with_tools,US_BANK_ACCOUNT_NUMBER,0.5681818181818182,44
qwen2_7b,with_tools,MAC_ADDRESS,0.9285714285714286,14
gemma2_9b,with_tools,LOCATION,0.39896373056994816,1930
gemma2_9b,with_tools,ZIPCODE,0.012658227848101266,316
gemma2_9b,with_tools,IP_ADDRESS,0.9650485436893204,515
gemma2_9b,with_tools,DATE_TIME,0.7089871611982882,2103
gemma2_9b,with_tools,PERSON,0.42168674698795183,2324
gemma2_9b,with_tools,US_DRIVERS_LICENSE_NUMBER,0.7911227154046997,383
gemma2_9b,with_tools,US_PASSPORT_NUMBER,0.5963060686015831,379
gemma2_9b,with_tools,EMAIL_ADDRESS,0.9825949367088608,632
gemma2_9b,with_tools,US_SOCIAL_SECURITY_NUMBER,0.5506329113924051,632
gemma2_9b,with_tools,GENDER,0.06575342465753424,365
gemma2_9b,with_tools,PHONE_NUMBER,0.657243816254417,566
gemma2_9b,with_tools,LICENSE_PLATE_NUMBER,0.0,175
gemma2_9b,with_tools,URL,0.8586956521739131,92
gemma2_9b,with_tools,ABA_ROUTING_NUMBER,0.0,62
gemma2_9b,with_tools,PASSWORD,0.031496062992125984,127
gemma2_9b,with_tools,UNMAPPED:AGE,0.0,18
gemma2_9b,with_tools,HEALTH_INSURANCE_ID,0.008746355685131196,343
gemma2_9b,with_tools,SWIFT_CODE,0.0,17
gemma2_9b,with_tools,OCCUPATION,0.0,102
gemma2_9b,with_tools,NRP,0.42857142857142855,28
gemma2_9b,with_tools,RACE,0.0,18
gemma2_9b,with_tools,CREDIT_CARD_NUMBER,0.36496350364963503,137
gemma2_9b,with_tools,MEDICAL_LICENSE,0.0,30
gemma2_9b,with_tools,SEXUAL_PREFERENCE,0.0,7
gemma2_9b,with_tools,US_INDIVIDUAL_TAXPAYER_IDENTIFICATION,0.09090909090909091,11
gemma2_9b,with_tools,US_BANK_ACCOUNT_NUMBER,0.4772727272727273,44
gemma2_9b,with_tools,MAC_ADDRESS,1.0,14
llama3_8b,with_skills,LOCATION,0.405699481865285,1930
llama3_8b,with_skills,ZIPCODE,0.012658227848101266,316
llama3_8b,with_skills,IP_ADDRESS,0.9029126213592233,515
llama3_8b,with_skills,DATE_TIME,0.7284831193533048,2103
llama3_8b,with_skills,PERSON,0.40146299483648884,2324
llama3_8b,with_skills,US_DRIVERS_LICENSE_NUMBER,0.8015665796344648,383
llama3_8b,with_skills,US_PASSPORT_NUMBER,0.6701846965699209,379
llama3_8b,with_skills,EMAIL_ADDRESS,0.9382911392405063,632
llama3_8b,with_skills,US_SOCIAL_SECURITY_NUMBER,0.5585443037974683,632
llama3_8b,with_skills,GENDER,0.0,365
llama3_8b,with_skills,PHONE_NUMBER,0.6342756183745583,566
llama3_8b,with_skills,LICENSE_PLATE_NUMBER,0.005714285714285714,175
llama3_8b,with_skills,URL,0.8260869565217391,92
llama3_8b,with_skills,ABA_ROUTING_NUMBER,0.0,62
llama3_8b,with_skills,PASSWORD,0.007874015748031496,127
llama3_8b,with_skills,UNMAPPED:AGE,0.0,18
llama3_8b,with_skills,HEALTH_INSURANCE_ID,0.0058309037900874635,343
llama3_8b,with_skills,SWIFT_CODE,0.0,17
llama3_8b,with_skills,OCCUPATION,0.0,102
llama3_8b,with_skills,NRP,0.39285714285714285,28
llama3_8b,with_skills,RACE,0.0,18
llama3_8b,with_skills,CREDIT_CARD_NUMBER,0.3795620437956204,137
llama3_8b,with_skills,MEDICAL_LICENSE,0.0,30
llama3_8b,with_skills,SEXUAL_PREFERENCE,0.0,7
llama3_8b,with_skills,US_INDIVIDUAL_TAXPAYER_IDENTIFICATION,0.09090909090909091,11
llama3_8b,with_skills,US_BANK_ACCOUNT_NUMBER,0.4772727272727273,44
llama3_8b,with_skills,MAC_ADDRESS,0.9285714285714286,14
mistral_7b,with_skills,LOCATION,0.3849740932642487,1930
mistral_7b,with_skills,ZIPCODE,0.028481012658227847,316
mistral_7b,with_skills,IP_ADDRESS,0.9572815533980582,515
mistral_7b,with_skills,DATE_TIME,0.6780789348549691,2103
mistral_7b,with_skills,PERSON,0.40146299483648884,2324
mistral_7b,with_skills,US_DRIVERS_LICENSE_NUMBER,0.6762402088772846,383
mistral_7b,with_skills,US_PASSPORT_NUMBER,0.5408970976253298,379
mistral_7b,with_skills,EMAIL_ADDRESS,0.9746835443037974,632
mistral_7b,with_skills,US_SOCIAL_SECURITY_NUMBER,0.5158227848101266,632
mistral_7b,with_skills,GENDER,0.0547945205479452,365
mistral_7b,with_skills,PHONE_NUMBER,0.6219081272084805,566
mistral_7b,with_skills,LICENSE_PLATE_NUMBER,0.0,175
mistral_7b,with_skills,URL,0.6195652173913043,92
mistral_7b,with_skills,ABA_ROUTING_NUMBER,0.0,62
mistral_7b,with_skills,PASSWORD,0.03937007874015748,127
mistral_7b,with_skills,UNMAPPED:AGE,0.0,18
mistral_7b,with_skills,HEALTH_INSURANCE_ID,0.008746355685131196,343
mistral_7b,with_skills,SWIFT_CODE,0.0,17
mistral_7b,with_skills,OCCUPATION,0.0,102
mistral_7b,with_skills,NRP,0.35714285714285715,28
mistral_7b,with_skills,RACE,0.0,18
mistral_7b,with_skills,CREDIT_CARD_NUMBER,0.35036496350364965,137
mistral_7b,with_skills,MEDICAL_LICENSE,0.0,30
mistral_7b,with_skills,SEXUAL_PREFERENCE,0.0,7
mistral_7b,with_skills,US_INDIVIDUAL_TAXPAYER_IDENTIFICATION,0.09090909090909091,11
mistral_7b,with_skills,US_BANK_ACCOUNT_NUMBER,0.3409090909090909,44
mistral_7b,with_skills,MAC_ADDRESS,0.9285714285714286,14
qwen2_7b,with_skills,LOCATION,0.3450777202072539,1930
qwen2_7b,with_skills,ZIPCODE,0.006329113924050633,316
qwen2_7b,with_skills,IP_ADDRESS,0.8660194174757282,515
qwen2_7b,with_skills,DATE_TIME,0.5939134569662388,2103
qwen2_7b,with_skills,PERSON,0.3476764199655766,2324
qwen2_7b,with_skills,US_DRIVERS_LICENSE_NUMBER,0.7441253263707572,383
qwen2_7b,with_skills,US_PASSPORT_NUMBER,0.7519788918205804,379
qwen2_7b,with_skills,EMAIL_ADDRESS,0.9699367088607594,632
qwen2_7b,with_skills,US_SOCIAL_SECURITY_NUMBER,0.5332278481012658,632
qwen2_7b,with_skills,GENDER,0.0,365
qwen2_7b,with_skills,PHONE_NUMBER,0.5600706713780919,566
qwen2_7b,with_skills,LICENSE_PLATE_NUMBER,0.0,175
qwen2_7b,with_skills,URL,0.7065217391304348,92
qwen2_7b,with_skills,ABA_ROUTING_NUMBER,0.0,62
qwen2_7b,with_skills,PASSWORD,0.0,127
qwen2_7b,with_skills,UNMAPPED:AGE,0.0,18
qwen2_7b,with_skills,HEALTH_INSURANCE_ID,0.0,343
qwen2_7b,with_skills,SWIFT_CODE,0.0,17
qwen2_7b,with_skills,OCCUPATION,0.0,102
qwen2_7b,with_skills,NRP,0.32142857142857145,28
qwen2_7b,with_skills,RACE,0.0,18
qwen2_7b,with_skills,CREDIT_CARD_NUMBER,0.23357664233576642,137
qwen2_7b,with_skills,MEDICAL_LICENSE,0.0,30
qwen2_7b,with_skills,SEXUAL_PREFERENCE,0.0,7
qwen2_7b,with_skills,US_INDIVIDUAL_TAXPAYER_IDENTIFICATION,0.09090909090909091,11
qwen2_7b,with_skills,US_BANK_ACCOUNT_NUMBER,0.5909090909090909,44
qwen2_7b,with_skills,MAC_ADDRESS,0.9285714285714286,14
gemma2_9b,with_skills,LOCATION,0.39896373056994816,1930
gemma2_9b,with_skills,ZIPCODE,0.012658227848101266,316
gemma2_9b,with_skills,IP_ADDRESS,0.9650485436893204,515
gemma2_9b,with_skills,DATE_TIME,0.7094626723728008,2103
gemma2_9b,with_skills,PERSON,0.4221170395869191,2324
gemma2_9b,with_skills,US_DRIVERS_LICENSE_NUMBER,0.7911227154046997,383
gemma2_9b,with_skills,US_PASSPORT_NUMBER,0.6068601583113457,379
gemma2_9b,with_skills,EMAIL_ADDRESS,0.9825949367088608,632
gemma2_9b,with_skills,US_SOCIAL_SECURITY_NUMBER,0.5617088607594937,632
gemma2_9b,with_skills,GENDER,0.06575342465753424,365
gemma2_9b,with_skills,PHONE_NUMBER,0.657243816254417,566
gemma2_9b,with_skills,LICENSE_PLATE_NUMBER,0.0,175
gemma2_9b,with_skills,URL,0.8586956521739131,92
gemma2_9b,with_skills,ABA_ROUTING_NUMBER,0.0,62
gemma2_9b,with_skills,PASSWORD,0.031496062992125984,127
gemma2_9b,with_skills,UNMAPPED:AGE,0.0,18
gemma2_9b,with_skills,HEALTH_INSURANCE_ID,0.008746355685131196,343
gemma2_9b,with_skills,SWIFT_CODE,0.0,17
gemma2_9b,with_skills,OCCUPATION,0.0,102
gemma2_9b,with_skills,NRP,0.42857142857142855,28
gemma2_9b,with_skills,RACE,0.0,18
gemma2_9b,with_skills,CREDIT_CARD_NUMBER,0.36496350364963503,137
gemma2_9b,with_skills,MEDICAL_LICENSE,0.0,30
gemma2_9b,with_skills,SEXUAL_PREFERENCE,0.0,7
gemma2_9b,with_skills,US_INDIVIDUAL_TAXPAYER_IDENTIFICATION,0.09090909090909091,11
gemma2_9b,with_skills,US_BANK_ACCOUNT_NUMBER,0.45454545454545453,44
gemma2_9b,with_skills,MAC_ADDRESS,1.0,14
