model,condition,comparison,t,p,cohens_d,n,mean_delta,pct_improved
llama3_8b,with_docs,with_docs vs zero_shot,-16.49584684242204,2.0531230415120444e-57,-0.3688583488608097,2000,-0.14905945422221437,24.4
llama3_8b,with_tools,with_tools vs zero_shot,-14.266866893952987,4.74093796856582e-44,-0.31901684200820174,2000,-0.10799141133741781,25.15
llama3_8b,with_skills,with_skills vs zero_shot,-21.838916441977187,5.341434671837388e-95,-0.48833301719198846,2000,-0.17154421416690932,21.9
mistral_7b,with_docs,with_docs vs zero_shot,1.34542776940812,0.1786397242976563,0.03008467951212475,2000,0.008621762412853378,33.0
mistral_7b,with_tools,with_tools vs zero_shot,-7.079799550456808,1.9906962883417672e-12,-0.15830913061893864,2000,-0.05567106589750629,35.099999999999994
mistral_7b,with_skills,with_skills vs zero_shot,-7.136578202013717,1.3328753706350281e-12,-0.15957873986445878,2000,-0.05606774423034918,35.099999999999994
qwen2_7b,with_docs,with_docs vs zero_shot,1.6840914399311453,0.09232011641944374,0.03765742940011574,2000,0.012059534677978398,30.7
qwen2_7b,with_tools,with_tools vs zero_shot,-18.052361681328122,1.3195392008445077e-67,-0.4036630787386207,2000,-0.1522408979029086,23.549999999999997
qwen2_7b,with_skills,with_skills vs zero_shot,-18.662673052095982,8.800002743330886e-72,-0.41731005586340075,2000,-0.1559710475370918,23.400000000000002
gemma2_9b,with_docs,with_docs vs zero_shot,1.8059462246210862,0.07107710151298491,0.0403821852196187,2000,0.011235663530754844,29.95
gemma2_9b,with_tools,with_tools vs zero_shot,-11.9702257150635,6.111588259541623e-32,-0.2676623840489803,2000,-0.09862667512353078,29.299999999999997
gemma2_9b,with_skills,with_skills vs zero_shot,-11.874556801880292,1.7857965841304524e-31,-0.26552316211686866,2000,-0.09774887247224674,29.349999999999998
llama3_8b,with_tools vs with_docs,with_tools vs with_docs,4.663808857346242,3.3094626044470544e-06,0.10428593639091838,2000,0.04106804288479653,41.8
llama3_8b,with_skills vs with_docs,with_skills vs with_docs,-2.555845349060748,0.010666411482340045,-0.057150439404764934,2000,-0.022484759944694968,35.65
mistral_7b,with_tools vs with_docs,with_tools vs with_docs,-8.20950542798611,3.935505270103147e-16,-0.18357012198630449,2000,-0.06429282831035965,33.45
mistral_7b,with_skills vs with_docs,with_skills vs with_docs,-8.263139571476344,2.5514735801277457e-16,-0.1847694178938957,2000,-0.06468950664320255,33.15
qwen2_7b,with_tools vs with_docs,with_tools vs with_docs,-21.408109817762085,1.0312393960545738e-91,-0.4786998882229668,2000,-0.164300432580887,22.7
qwen2_7b,with_skills vs with_docs,with_skills vs with_docs,-22.865653796442963,5.474808499535785e-103,-0.5112915623882263,2000,-0.1680305822150702,21.75
gemma2_9b,with_tools vs with_docs,with_tools vs with_docs,-14.807711528942924,3.7442039591850936e-47,-0.3311104956992377,2000,-0.1098623386542856,26.900000000000002
gemma2_9b,with_skills vs with_docs,with_skills vs with_docs,-14.715574840084972,1.2835079964886535e-46,-0.32905025670415644,2000,-0.10898453600300158,27.05
llama3_8b,skills vs tools,skills vs tools,-12.895260699832034,1.3205744563912574e-36,-0.2883467951240594,2000,-0.0635528028294915,11.450000000000001
mistral_7b,skills vs tools,skills vs tools,-0.7502503738349043,0.4531922183125322,-0.0167761083603925,2000,-0.0003966783328429014,1.6500000000000001
qwen2_7b,skills vs tools,skills vs tools,-0.6809205438086647,0.4960006324073967,-0.015225846232322843,2000,-0.0037301496341831993,26.1
gemma2_9b,skills vs tools,skills vs tools,1.788308838106323,0.07387759478953941,0.03998780126769304,2000,0.0008778026512840319,1.25
