type,predicted,support,evaluation_rows,ratio
DATE_TIME,16097,16824,16000,0.9567879220161674
US_DRIVERS_LICENSE_NUMBER,12150,3064,16000,3.965404699738903
PERSON,10435,18592,16000,0.561262908777969
LOCATION,7461,15440,16000,0.48322538860103625
PHONE_NUMBER,5771,4528,16000,1.2745141342756183
EMAIL_ADDRESS,5080,5056,16000,1.004746835443038
US_SOCIAL_SECURITY_NUMBER,4863,5056,16000,0.9618275316455697
URL,4501,736,16000,6.115489130434782
IP_ADDRESS,4051,4120,16000,0.983252427184466
US_BANK_ACCOUNT_NUMBER,3421,352,16000,9.71875
US_PASSPORT_NUMBER,2931,3032,16000,0.966688654353562
CREDIT_CARD_NUMBER,421,1096,16000,0.3841240875912409
