type,before,after,Δ
EMAIL_ADDRESS,0.968,0.968,0.0
MAC_ADDRESS,0.955,0.955,0.0
IP_ADDRESS,0.939,0.939,0.0
URL,0.777,0.777,0.0
US_DRIVERS_LICENSE_NUMBER,0.76,0.76,0.0
DATE_TIME,0.217,0.69,0.473
PHONE_NUMBER,0.64,0.64,0.0
US_PASSPORT_NUMBER,0.635,0.635,0.0
US_SOCIAL_SECURITY_NUMBER,0.553,0.553,0.0
US_BANK_ACCOUNT_NUMBER,0.477,0.477,0.0
PERSON,0.406,0.406,0.0
LOCATION,0.252,0.398,0.146
NRP,0.388,0.388,0.0
CREDIT_CARD_NUMBER,0.364,0.364,0.0
US_INDIVIDUAL_TAXPAYER_IDENTIFICATION,0.091,0.091,0.0
PASSWORD,0.045,0.045,0.0
GENDER,0.017,0.039,0.022
UNMAPPED:AGE,0.035,0.035,0.0
ZIPCODE,0.026,0.027,0.0
SWIFT_CODE,0.022,0.022,0.0
HEALTH_INSURANCE_ID,0.016,0.018,0.002
SEXUAL_PREFERENCE,0.018,0.018,0.0
LICENSE_PLATE_NUMBER,0.016,0.016,0.0
RACE,0.007,0.007,0.0
OCCUPATION,0.0,0.0,0.0
ABA_ROUTING_NUMBER,0.0,0.0,0.0
MEDICAL_LICENSE,0.0,0.0,0.0
